日付	名称	曜日
1955-01-01	元日	土
1955-01-15	成人の日	土
1955-03-21	春分の日	月
1955-04-29	天皇誕生日	金
1955-05-03	憲法記念日	火
1955-05-05	こどもの日	木
1955-09-24	秋分の日	土
1955-11-03	文化の日	木
1955-11-23	勤労感謝の日	水
1956-01-01	元日	日
1956-01-15	成人の日	日
1956-03-21	春分の日	水
1956-04-29	天皇誕生日	日
1956-05-03	憲法記念日	木
1956-05-05	こどもの日	土
1956-09-23	秋分の日	日
1956-11-03	文化の日	土
1956-11-23	勤労感謝の日	金
1957-01-01	元日	火
1957-01-15	成人の日	火
1957-03-21	春分の日	木
1957-04-29	天皇誕生日	月
1957-05-03	憲法記念日	金
1957-05-05	こどもの日	日
1957-09-23	秋分の日	月
1957-11-03	文化の日	日
1957-11-23	勤労感謝の日	土
1958-01-01	元日	水
1958-01-15	成人の日	水
1958-03-21	春分の日	金
1958-04-29	天皇誕生日	火
1958-05-03	憲法記念日	土
1958-05-05	こどもの日	月
1958-09-23	秋分の日	火
1958-11-03	文化の日	月
1958-11-23	勤労感謝の日	日
1959-01-01	元日	木
1959-01-15	成人の日	木
1959-03-21	春分の日	土
1959-04-10	結婚の儀	金
1959-04-29	天皇誕生日	水
1959-05-03	憲法記念日	日
1959-05-05	こどもの日	火
1959-09-24	秋分の日	木
1959-11-03	文化の日	火
1959-11-23	勤労感謝の日	月
1960-01-01	元日	金
1960-01-15	成人の日	金
1960-03-20	春分の日	日
1960-04-29	天皇誕生日	金
1960-05-03	憲法記念日	火
1960-05-05	こどもの日	木
1960-09-23	秋分の日	金
1960-11-03	文化の日	木
1960-11-23	勤労感謝の日	水
1961-01-01	元日	日
1961-01-15	成人の日	日
1961-03-21	春分の日	火
1961-04-29	天皇誕生日	土
1961-05-03	憲法記念日	水
1961-05-05	こどもの日	金
1961-09-23	秋分の日	土
1961-11-03	文化の日	金
1961-11-23	勤労感謝の日	木
1962-01-01	元日	月
1962-01-15	成人の日	月
1962-03-21	春分の日	水
1962-04-29	天皇誕生日	日
1962-05-03	憲法記念日	木
1962-05-05	こどもの日	土
1962-09-23	秋分の日	日
1962-11-03	文化の日	土
1962-11-23	勤労感謝の日	金
1963-01-01	元日	火
1963-01-15	成人の日	火
1963-03-21	春分の日	木
1963-04-29	天皇誕生日	月
1963-05-03	憲法記念日	金
1963-05-05	こどもの日	日
1963-09-24	秋分の日	火
1963-11-03	文化の日	日
1963-11-23	勤労感謝の日	土
1964-01-01	元日	水
1964-01-15	成人の日	水
1964-03-20	春分の日	金
1964-04-29	天皇誕生日	水
1964-05-03	憲法記念日	日
1964-05-05	こどもの日	火
1964-09-23	秋分の日	水
1964-11-03	文化の日	火
1964-11-23	勤労感謝の日	月
1965-01-01	元日	金
1965-01-15	成人の日	金
1965-03-21	春分の日	日
1965-04-29	天皇誕生日	木
1965-05-03	憲法記念日	月
1965-05-05	こどもの日	水
1965-09-23	秋分の日	木
1965-11-03	文化の日	水
1965-11-23	勤労感謝の日	火
1966-01-01	元日	土
1966-01-15	成人の日	土
1966-03-21	春分の日	月
1966-04-29	天皇誕生日	金
1966-05-03	憲法記念日	火
1966-05-05	こどもの日	木
1966-09-15	敬老の日	木
1966-09-23	秋分の日	金
1966-10-10	体育の日	月
1966-11-03	文化の日	木
1966-11-23	勤労感謝の日	水
1967-01-01	元日	日
1967-01-15	成人の日	日
1967-02-11	建国記念の日	土
1967-03-21	春分の日	火
1967-04-29	天皇誕生日	土
1967-05-03	憲法記念日	水
1967-05-05	こどもの日	金
1967-09-15	敬老の日	金
1967-09-24	秋分の日	日
1967-10-10	体育の日	火
1967-11-03	文化の日	金
1967-11-23	勤労感謝の日	木
1968-01-01	元日	月
1968-01-15	成人の日	月
1968-02-11	建国記念の日	日
1968-03-20	春分の日	水
1968-04-29	天皇誕生日	月
1968-05-03	憲法記念日	金
1968-05-05	こどもの日	日
1968-09-15	敬老の日	日
1968-09-23	秋分の日	月
1968-10-10	体育の日	木
1968-11-03	文化の日	日
1968-11-23	勤労感謝の日	土
1969-01-01	元日	水
1969-01-15	成人の日	水
1969-02-11	建国記念の日	火
1969-03-21	春分の日	金
1969-04-29	天皇誕生日	火
1969-05-03	憲法記念日	土
1969-05-05	こどもの日	月
1969-09-15	敬老の日	月
1969-09-23	秋分の日	火
1969-10-10	体育の日	金
1969-11-03	文化の日	月
1969-11-23	勤労感謝の日	日
1970-01-01	元日	木
1970-01-15	成人の日	木
1970-02-11	建国記念の日	水
1970-03-21	春分の日	土
1970-04-29	天皇誕生日	水
1970-05-03	憲法記念日	日
1970-05-05	こどもの日	火
1970-09-15	敬老の日	火
1970-09-23	秋分の日	水
1970-10-10	体育の日	土
1970-11-03	文化の日	火
1970-11-23	勤労感謝の日	月
1971-01-01	元日	金
1971-01-15	成人の日	金
1971-02-11	建国記念の日	木
1971-03-21	春分の日	日
1971-04-29	天皇誕生日	木
1971-05-03	憲法記念日	月
1971-05-05	こどもの日	水
1971-09-15	敬老の日	水
1971-09-24	秋分の日	金
1971-10-10	体育の日	日
1971-11-03	文化の日	水
1971-11-23	勤労感謝の日	火
1972-01-01	元日	土
1972-01-15	成人の日	土
1972-02-11	建国記念の日	金
1972-03-20	春分の日	月
1972-04-29	天皇誕生日	土
1972-05-03	憲法記念日	水
1972-05-05	こどもの日	金
1972-09-15	敬老の日	金
1972-09-23	秋分の日	土
1972-10-10	体育の日	火
1972-11-03	文化の日	金
1972-11-23	勤労感謝の日	木
1973-01-01	元日	月
1973-01-15	成人の日	月
1973-02-11	建国記念の日	日
1973-03-21	春分の日	水
1973-04-29	天皇誕生日	日
1973-04-30	休日	月
1973-05-03	憲法記念日	木
1973-05-05	こどもの日	土
1973-09-15	敬老の日	土
1973-09-23	秋分の日	日
1973-09-24	休日	月
1973-10-10	体育の日	水
1973-11-03	文化の日	土
1973-11-23	勤労感謝の日	金
1974-01-01	元日	火
1974-01-15	成人の日	火
1974-02-11	建国記念の日	月
1974-03-21	春分の日	木
1974-04-29	天皇誕生日	月
1974-05-03	憲法記念日	金
1974-05-05	こどもの日	日
1974-05-06	休日	月
1974-09-15	敬老の日	日
1974-09-16	休日	月
1974-09-23	秋分の日	月
1974-10-10	体育の日	木
1974-11-03	文化の日	日
1974-11-04	休日	月
1974-11-23	勤労感謝の日	土
1975-01-01	元日	水
1975-01-15	成人の日	水
1975-02-11	建国記念の日	火
1975-03-21	春分の日	金
1975-04-29	天皇誕生日	火
1975-05-03	憲法記念日	土
1975-05-05	こどもの日	月
1975-09-15	敬老の日	月
1975-09-24	秋分の日	水
1975-10-10	体育の日	金
1975-11-03	文化の日	月
1975-11-23	勤労感謝の日	日
1975-11-24	休日	月
1976-01-01	元日	木
1976-01-15	成人の日	木
1976-02-11	建国記念の日	水
1976-03-20	春分の日	土
1976-04-29	天皇誕生日	木
1976-05-03	憲法記念日	月
1976-05-05	こどもの日	水
1976-09-15	敬老の日	水
1976-09-23	秋分の日	木
1976-10-10	体育の日	日
1976-10-11	休日	月
1976-11-03	文化の日	水
1976-11-23	勤労感謝の日	火
1977-01-01	元日	土
1977-01-15	成人の日	土
1977-02-11	建国記念の日	金
1977-03-21	春分の日	月
1977-04-29	天皇誕生日	金
1977-05-03	憲法記念日	火
1977-05-05	こどもの日	木
1977-09-15	敬老の日	木
1977-09-23	秋分の日	金
1977-10-10	体育の日	月
1977-11-03	文化の日	木
1977-11-23	勤労感謝の日	水
1978-01-01	元日	日
1978-01-02	休日	月
1978-01-15	成人の日	日
1978-01-16	休日	月
1978-02-11	建国記念の日	土
1978-03-21	春分の日	火
1978-04-29	天皇誕生日	土
1978-05-03	憲法記念日	水
1978-05-05	こどもの日	金
1978-09-15	敬老の日	金
1978-09-23	秋分の日	土
1978-10-10	体育の日	火
1978-11-03	文化の日	金
1978-11-23	勤労感謝の日	木
1979-01-01	元日	月
1979-01-15	成人の日	月
1979-02-11	建国記念の日	日
1979-02-12	休日	月
1979-03-21	春分の日	水
1979-04-29	天皇誕生日	日
1979-04-30	休日	月
1979-05-03	憲法記念日	木
1979-05-05	こどもの日	土
1979-09-15	敬老の日	土
1979-09-24	秋分の日	月
1979-10-10	体育の日	水
1979-11-03	文化の日	土
1979-11-23	勤労感謝の日	金
1980-01-01	元日	火
1980-01-15	成人の日	火
1980-02-11	建国記念の日	月
1980-03-20	春分の日	木
1980-04-29	天皇誕生日	火
1980-05-03	憲法記念日	土
1980-05-05	こどもの日	月
1980-09-15	敬老の日	月
1980-09-23	秋分の日	火
1980-10-10	体育の日	金
1980-11-03	文化の日	月
1980-11-23	勤労感謝の日	日
1980-11-24	休日	月
1981-01-01	元日	木
1981-01-15	成人の日	木
1981-02-11	建国記念の日	水
1981-03-21	春分の日	土
1981-04-29	天皇誕生日	水
1981-05-03	憲法記念日	日
1981-05-04	休日	月
1981-05-05	こどもの日	火
1981-09-15	敬老の日	火
1981-09-23	秋分の日	水
1981-10-10	体育の日	土
1981-11-03	文化の日	火
1981-11-23	勤労感謝の日	月
1982-01-01	元日	金
1982-01-15	成人の日	金
1982-02-11	建国記念の日	木
1982-03-21	春分の日	日
1982-03-22	休日	月
1982-04-29	天皇誕生日	木
1982-05-03	憲法記念日	月
1982-05-05	こどもの日	水
1982-09-15	敬老の日	水
1982-09-23	秋分の日	木
1982-10-10	体育の日	日
1982-10-11	休日	月
1982-11-03	文化の日	水
1982-11-23	勤労感謝の日	火
1983-01-01	元日	土
1983-01-15	成人の日	土
1983-02-11	建国記念の日	金
1983-03-21	春分の日	月
1983-04-29	天皇誕生日	金
1983-05-03	憲法記念日	火
1983-05-05	こどもの日	木
1983-09-15	敬老の日	木
1983-09-23	秋分の日	金
1983-10-10	体育の日	月
1983-11-03	文化の日	木
1983-11-23	勤労感謝の日	水
1984-01-01	元日	日
1984-01-02	休日	月
1984-01-15	成人の日	日
1984-01-16	休日	月
1984-02-11	建国記念の日	土
1984-03-20	春分の日	火
1984-04-29	天皇誕生日	日
1984-04-30	休日	月
1984-05-03	憲法記念日	木
1984-05-05	こどもの日	土
1984-09-15	敬老の日	土
1984-09-23	秋分の日	日
1984-09-24	休日	月
1984-10-10	体育の日	水
1984-11-03	文化の日	土
1984-11-23	勤労感謝の日	金
1985-01-01	元日	火
1985-01-15	成人の日	火
1985-02-11	建国記念の日	月
1985-03-21	春分の日	木
1985-04-29	天皇誕生日	月
1985-05-03	憲法記念日	金
1985-05-05	こどもの日	日
1985-05-06	休日	月
1985-09-15	敬老の日	日
1985-09-16	休日	月
1985-09-23	秋分の日	月
1985-10-10	体育の日	木
1985-11-03	文化の日	日
1985-11-04	休日	月
1985-11-23	勤労感謝の日	土
1986-01-01	元日	水
1986-01-15	成人の日	水
1986-02-11	建国記念の日	火
1986-03-21	春分の日	金
1986-04-29	天皇誕生日	火
1986-05-03	憲法記念日	土
1986-05-05	こどもの日	月
1986-09-15	敬老の日	月
1986-09-23	秋分の日	火
1986-10-10	体育の日	金
1986-11-03	文化の日	月
1986-11-23	勤労感謝の日	日
1986-11-24	休日	月
1987-01-01	元日	木
1987-01-15	成人の日	木
1987-02-11	建国記念の日	水
1987-03-21	春分の日	土
1987-04-29	天皇誕生日	水
1987-05-03	憲法記念日	日
1987-05-04	休日	月
1987-05-05	こどもの日	火
1987-09-15	敬老の日	火
1987-09-23	秋分の日	水
1987-10-10	体育の日	土
1987-11-03	文化の日	火
1987-11-23	勤労感謝の日	月
1988-01-01	元日	金
1988-01-15	成人の日	金
1988-02-11	建国記念の日	木
1988-03-20	春分の日	日
1988-03-21	休日	月
1988-04-29	天皇誕生日	金
1988-05-03	憲法記念日	火
1988-05-04	休日	水
1988-05-05	こどもの日	木
1988-09-15	敬老の日	木
1988-09-23	秋分の日	金
1988-10-10	体育の日	月
1988-11-03	文化の日	木
1988-11-23	勤労感謝の日	水
1989-01-01	元日	日
1989-01-02	休日	月
1989-01-15	成人の日	日
1989-01-16	休日	月
1989-02-11	建国記念の日	土
1989-02-24	大喪の礼	金
1989-03-21	春分の日	火
1989-04-29	みどりの日	土
1989-05-03	憲法記念日	水
1989-05-04	休日	木
1989-05-05	こどもの日	金
1989-09-15	敬老の日	金
1989-09-23	秋分の日	土
1989-10-10	体育の日	火
1989-11-03	文化の日	金
1989-11-23	勤労感謝の日	木
1989-12-23	天皇誕生日	土
1990-01-01	元日	月
1990-01-15	成人の日	月
1990-02-11	建国記念の日	日
1990-02-12	休日	月
1990-03-21	春分の日	水
1990-04-29	みどりの日	日
1990-04-30	休日	月
1990-05-03	憲法記念日	木
1990-05-04	休日	金
1990-05-05	こどもの日	土
1990-09-15	敬老の日	土
1990-09-23	秋分の日	日
1990-09-24	休日	月
1990-10-10	体育の日	水
1990-11-03	文化の日	土
1990-11-12	即位礼正殿の儀	月
1990-11-23	勤労感謝の日	金
1990-12-23	天皇誕生日	日
1990-12-24	休日	月
1991-01-01	元日	火
1991-01-15	成人の日	火
1991-02-11	建国記念の日	月
1991-03-21	春分の日	木
1991-04-29	みどりの日	月
1991-05-03	憲法記念日	金
1991-05-04	休日	土
1991-05-05	こどもの日	日
1991-05-06	休日	月
1991-09-15	敬老の日	日
1991-09-16	休日	月
1991-09-23	秋分の日	月
1991-10-10	体育の日	木
1991-11-03	文化の日	日
1991-11-04	休日	月
1991-11-23	勤労感謝の日	土
1991-12-23	天皇誕生日	月
1992-01-01	元日	水
1992-01-15	成人の日	水
1992-02-11	建国記念の日	火
1992-03-20	春分の日	金
1992-04-29	みどりの日	水
1992-05-03	憲法記念日	日
1992-05-04	休日	月
1992-05-05	こどもの日	火
1992-09-15	敬老の日	火
1992-09-23	秋分の日	水
1992-10-10	体育の日	土
1992-11-03	文化の日	火
1992-11-23	勤労感謝の日	月
1992-12-23	天皇誕生日	水
1993-01-01	元日	金
1993-01-15	成人の日	金
1993-02-11	建国記念の日	木
1993-03-20	春分の日	土
1993-04-29	みどりの日	木
1993-05-03	憲法記念日	月
1993-05-04	休日	火
1993-05-05	こどもの日	水
1993-06-09	結婚の儀	水
1993-09-15	敬老の日	水
1993-09-23	秋分の日	木
1993-10-10	体育の日	日
1993-10-11	休日	月
1993-11-03	文化の日	水
1993-11-23	勤労感謝の日	火
1993-12-23	天皇誕生日	木
1994-01-01	元日	土
1994-01-15	成人の日	土
1994-02-11	建国記念の日	金
1994-03-21	春分の日	月
1994-04-29	みどりの日	金
1994-05-03	憲法記念日	火
1994-05-04	休日	水
1994-05-05	こどもの日	木
1994-09-15	敬老の日	木
1994-09-23	秋分の日	金
1994-10-10	体育の日	月
1994-11-03	文化の日	木
1994-11-23	勤労感謝の日	水
1994-12-23	天皇誕生日	金
1995-01-01	元日	日
1995-01-02	休日	月
1995-01-15	成人の日	日
1995-01-16	休日	月
1995-02-11	建国記念の日	土
1995-03-21	春分の日	火
1995-04-29	みどりの日	土
1995-05-03	憲法記念日	水
1995-05-04	休日	木
1995-05-05	こどもの日	金
1995-09-15	敬老の日	金
1995-09-23	秋分の日	土
1995-10-10	体育の日	火
1995-11-03	文化の日	金
1995-11-23	勤労感謝の日	木
1995-12-23	天皇誕生日	土
1996-01-01	元日	月
1996-01-15	成人の日	月
1996-02-11	建国記念の日	日
1996-02-12	休日	月
1996-03-20	春分の日	水
1996-04-29	みどりの日	月
1996-05-03	憲法記念日	金
1996-05-04	休日	土
1996-05-05	こどもの日	日
1996-05-06	休日	月
1996-07-20	海の日	土
1996-09-15	敬老の日	日
1996-09-16	休日	月
1996-09-23	秋分の日	月
1996-10-10	体育の日	木
1996-11-03	文化の日	日
1996-11-04	休日	月
1996-11-23	勤労感謝の日	土
1996-12-23	天皇誕生日	月
1997-01-01	元日	水
1997-01-15	成人の日	水
1997-02-11	建国記念の日	火
1997-03-20	春分の日	木
1997-04-29	みどりの日	火
1997-05-03	憲法記念日	土
1997-05-05	こどもの日	月
1997-07-20	海の日	日
1997-07-21	休日	月
1997-09-15	敬老の日	月
1997-09-23	秋分の日	火
1997-10-10	体育の日	金
1997-11-03	文化の日	月
1997-11-23	勤労感謝の日	日
1997-11-24	休日	月
1997-12-23	天皇誕生日	火
1998-01-01	元日	木
1998-01-15	成人の日	木
1998-02-11	建国記念の日	水
1998-03-21	春分の日	土
1998-04-29	みどりの日	水
1998-05-03	憲法記念日	日
1998-05-04	休日	月
1998-05-05	こどもの日	火
1998-07-20	海の日	月
1998-09-15	敬老の日	火
1998-09-23	秋分の日	水
1998-10-10	体育の日	土
1998-11-03	文化の日	火
1998-11-23	勤労感謝の日	月
1998-12-23	天皇誕生日	水
1999-01-01	元日	金
1999-01-15	成人の日	金
1999-02-11	建国記念の日	木
1999-03-21	春分の日	日
1999-03-22	休日	月
1999-04-29	みどりの日	木
1999-05-03	憲法記念日	月
1999-05-04	休日	火
1999-05-05	こどもの日	水
1999-07-20	海の日	火
1999-09-15	敬老の日	水
1999-09-23	秋分の日	木
1999-10-10	体育の日	日
1999-10-11	休日	月
1999-11-03	文化の日	水
1999-11-23	勤労感謝の日	火
1999-12-23	天皇誕生日	木
2000-01-01	元日	土
2000-01-10	成人の日	月
2000-02-11	建国記念の日	金
2000-03-20	春分の日	月
2000-04-29	みどりの日	土
2000-05-03	憲法記念日	水
2000-05-04	休日	木
2000-05-05	こどもの日	金
2000-07-20	海の日	木
2000-09-15	敬老の日	金
2000-09-23	秋分の日	土
2000-10-09	体育の日	月
2000-11-03	文化の日	金
2000-11-23	勤労感謝の日	木
2000-12-23	天皇誕生日	土
2001-01-01	元日	月
2001-01-08	成人の日	月
2001-02-11	建国記念の日	日
2001-02-12	休日	月
2001-03-20	春分の日	火
2001-04-29	みどりの日	日
2001-04-30	休日	月
2001-05-03	憲法記念日	木
2001-05-04	休日	金
2001-05-05	こどもの日	土
2001-07-20	海の日	金
2001-09-15	敬老の日	土
2001-09-23	秋分の日	日
2001-09-24	休日	月
2001-10-08	体育の日	月
2001-11-03	文化の日	土
2001-11-23	勤労感謝の日	金
2001-12-23	天皇誕生日	日
2001-12-24	休日	月
2002-01-01	元日	火
2002-01-14	成人の日	月
2002-02-11	建国記念の日	月
2002-03-21	春分の日	木
2002-04-29	みどりの日	月
2002-05-03	憲法記念日	金
2002-05-04	休日	土
2002-05-05	こどもの日	日
2002-05-06	休日	月
2002-07-20	海の日	土
2002-09-15	敬老の日	日
2002-09-16	休日	月
2002-09-23	秋分の日	月
2002-10-14	体育の日	月
2002-11-03	文化の日	日
2002-11-04	休日	月
2002-11-23	勤労感謝の日	土
2002-12-23	天皇誕生日	月
2003-01-01	元日	水
2003-01-13	成人の日	月
2003-02-11	建国記念の日	火
2003-03-21	春分の日	金
2003-04-29	みどりの日	火
2003-05-03	憲法記念日	土
2003-05-05	こどもの日	月
2003-07-21	海の日	月
2003-09-15	敬老の日	月
2003-09-23	秋分の日	火
2003-10-13	体育の日	月
2003-11-03	文化の日	月
2003-11-23	勤労感謝の日	日
2003-11-24	休日	月
2003-12-23	天皇誕生日	火
2004-01-01	元日	木
2004-01-12	成人の日	月
2004-02-11	建国記念の日	水
2004-03-20	春分の日	土
2004-04-29	みどりの日	木
2004-05-03	憲法記念日	月
2004-05-04	休日	火
2004-05-05	こどもの日	水
2004-07-19	海の日	月
2004-09-20	敬老の日	月
2004-09-23	秋分の日	木
2004-10-11	体育の日	月
2004-11-03	文化の日	水
2004-11-23	勤労感謝の日	火
2004-12-23	天皇誕生日	木
2005-01-01	元日	土
2005-01-10	成人の日	月
2005-02-11	建国記念の日	金
2005-03-20	春分の日	日
2005-03-21	休日	月
2005-04-29	みどりの日	金
2005-05-03	憲法記念日	火
2005-05-04	休日	水
2005-05-05	こどもの日	木
2005-07-18	海の日	月
2005-09-19	敬老の日	月
2005-09-23	秋分の日	金
2005-10-10	体育の日	月
2005-11-03	文化の日	木
2005-11-23	勤労感謝の日	水
2005-12-23	天皇誕生日	金
2006-01-01	元日	日
2006-01-02	休日	月
2006-01-09	成人の日	月
2006-02-11	建国記念の日	土
2006-03-21	春分の日	火
2006-04-29	みどりの日	土
2006-05-03	憲法記念日	水
2006-05-04	休日	木
2006-05-05	こどもの日	金
2006-07-17	海の日	月
2006-09-18	敬老の日	月
2006-09-23	秋分の日	土
2006-10-09	体育の日	月
2006-11-03	文化の日	金
2006-11-23	勤労感謝の日	木
2006-12-23	天皇誕生日	土
2007-01-01	元日	月
2007-01-08	成人の日	月
2007-02-11	建国記念の日	日
2007-02-12	休日	月
2007-03-21	春分の日	水
2007-04-29	昭和の日	日
2007-04-30	休日	月
2007-05-03	憲法記念日	木
2007-05-04	みどりの日	金
2007-05-05	こどもの日	土
2007-07-16	海の日	月
2007-09-17	敬老の日	月
2007-09-23	秋分の日	日
2007-09-24	休日	月
2007-10-08	体育の日	月
2007-11-03	文化の日	土
2007-11-23	勤労感謝の日	金
2007-12-23	天皇誕生日	日
2007-12-24	休日	月
2008-01-01	元日	火
2008-01-14	成人の日	月
2008-02-11	建国記念の日	月
2008-03-20	春分の日	木
2008-04-29	昭和の日	火
2008-05-03	憲法記念日	土
2008-05-04	みどりの日	日
2008-05-05	こどもの日	月
2008-05-06	休日	火
2008-07-21	海の日	月
2008-09-15	敬老の日	月
2008-09-23	秋分の日	火
2008-10-13	体育の日	月
2008-11-03	文化の日	月
2008-11-23	勤労感謝の日	日
2008-11-24	休日	月
2008-12-23	天皇誕生日	火
2009-01-01	元日	木
2009-01-12	成人の日	月
2009-02-11	建国記念の日	水
2009-03-20	春分の日	金
2009-04-29	昭和の日	水
2009-05-03	憲法記念日	日
2009-05-04	みどりの日	月
2009-05-05	こどもの日	火
2009-05-06	休日	水
2009-07-20	海の日	月
2009-09-21	敬老の日	月
2009-09-22	休日	火
2009-09-23	秋分の日	水
2009-10-12	体育の日	月
2009-11-03	文化の日	火
2009-11-23	勤労感謝の日	月
2009-12-23	天皇誕生日	水
2010-01-01	元日	金
2010-01-11	成人の日	月
2010-02-11	建国記念の日	木
2010-03-21	春分の日	日
2010-03-22	休日	月
2010-04-29	昭和の日	木
2010-05-03	憲法記念日	月
2010-05-04	みどりの日	火
2010-05-05	こどもの日	水
2010-07-19	海の日	月
2010-09-20	敬老の日	月
2010-09-23	秋分の日	木
2010-10-11	体育の日	月
2010-11-03	文化の日	水
2010-11-23	勤労感謝の日	火
2010-12-23	天皇誕生日	木
2011-01-01	元日	土
2011-01-10	成人の日	月
2011-02-11	建国記念の日	金
2011-03-21	春分の日	月
2011-04-29	昭和の日	金
2011-05-03	憲法記念日	火
2011-05-04	みどりの日	水
2011-05-05	こどもの日	木
2011-07-18	海の日	月
2011-09-19	敬老の日	月
2011-09-23	秋分の日	金
2011-10-10	体育の日	月
2011-11-03	文化の日	木
2011-11-23	勤労感謝の日	水
2011-12-23	天皇誕生日	金
2012-01-01	元日	日
2012-01-02	休日	月
2012-01-09	成人の日	月
2012-02-11	建国記念の日	土
2012-03-20	春分の日	火
2012-04-29	昭和の日	日
2012-04-30	休日	月
2012-05-03	憲法記念日	木
2012-05-04	みどりの日	金
2012-05-05	こどもの日	土
2012-07-16	海の日	月
2012-09-17	敬老の日	月
2012-09-22	秋分の日	土
2012-10-08	体育の日	月
2012-11-03	文化の日	土
2012-11-23	勤労感謝の日	金
2012-12-23	天皇誕生日	日
2012-12-24	休日	月
2013-01-01	元日	火
2013-01-14	成人の日	月
2013-02-11	建国記念の日	月
2013-03-20	春分の日	水
2013-04-29	昭和の日	月
2013-05-03	憲法記念日	金
2013-05-04	みどりの日	土
2013-05-05	こどもの日	日
2013-05-06	休日	月
2013-07-15	海の日	月
2013-09-16	敬老の日	月
2013-09-23	秋分の日	月
2013-10-14	体育の日	月
2013-11-03	文化の日	日
2013-11-04	休日	月
2013-11-23	勤労感謝の日	土
2013-12-23	天皇誕生日	月
2014-01-01	元日	水
2014-01-13	成人の日	月
2014-02-11	建国記念の日	火
2014-03-21	春分の日	金
2014-04-29	昭和の日	火
2014-05-03	憲法記念日	土
2014-05-04	みどりの日	日
2014-05-05	こどもの日	月
2014-05-06	休日	火
2014-07-21	海の日	月
2014-09-15	敬老の日	月
2014-09-23	秋分の日	火
2014-10-13	体育の日	月
2014-11-03	文化の日	月
2014-11-23	勤労感謝の日	日
2014-11-24	休日	月
2014-12-23	天皇誕生日	火
2015-01-01	元日	木
2015-01-12	成人の日	月
2015-02-11	建国記念の日	水
2015-03-21	春分の日	土
2015-04-29	昭和の日	水
2015-05-03	憲法記念日	日
2015-05-04	みどりの日	月
2015-05-05	こどもの日	火
2015-05-06	休日	水
2015-07-20	海の日	月
2015-09-21	敬老の日	月
2015-09-22	休日	火
2015-09-23	秋分の日	水
2015-10-12	体育の日	月
2015-11-03	文化の日	火
2015-11-23	勤労感謝の日	月
2015-12-23	天皇誕生日	水
2016-01-01	元日	金
2016-01-11	成人の日	月
2016-02-11	建国記念の日	木
2016-03-20	春分の日	日
2016-03-21	休日	月
2016-04-29	昭和の日	金
2016-05-03	憲法記念日	火
2016-05-04	みどりの日	水
2016-05-05	こどもの日	木
2016-07-18	海の日	月
2016-08-11	山の日	木
2016-09-19	敬老の日	月
2016-09-22	秋分の日	木
2016-10-10	体育の日	月
2016-11-03	文化の日	木
2016-11-23	勤労感謝の日	水
2016-12-23	天皇誕生日	金
2017-01-01	元日	日
2017-01-02	休日	月
2017-01-09	成人の日	月
2017-02-11	建国記念の日	土
2017-03-20	春分の日	月
2017-04-29	昭和の日	土
2017-05-03	憲法記念日	水
2017-05-04	みどりの日	木
2017-05-05	こどもの日	金
2017-07-17	海の日	月
2017-08-11	山の日	金
2017-09-18	敬老の日	月
2017-09-23	秋分の日	土
2017-10-09	体育の日	月
2017-11-03	文化の日	金
2017-11-23	勤労感謝の日	木
2017-12-23	天皇誕生日	土
2018-01-01	元日	月
2018-01-08	成人の日	月
2018-02-11	建国記念の日	日
2018-02-12	休日	月
2018-03-21	春分の日	水
2018-04-29	昭和の日	日
2018-04-30	休日	月
2018-05-03	憲法記念日	木
2018-05-04	みどりの日	金
2018-05-05	こどもの日	土
2018-07-16	海の日	月
2018-08-11	山の日	土
2018-09-17	敬老の日	月
2018-09-23	秋分の日	日
2018-09-24	休日	月
2018-10-08	体育の日	月
2018-11-03	文化の日	土
2018-11-23	勤労感謝の日	金
2018-12-23	天皇誕生日	日
2018-12-24	休日	月
2019-01-01	元日	火
2019-01-14	成人の日	月
2019-02-11	建国記念の日	月
2019-03-21	春分の日	木
2019-04-29	昭和の日	月
2019-04-30	休日	火
2019-05-01	休日（祝日扱い）	水
2019-05-02	休日	木
2019-05-03	憲法記念日	金
2019-05-04	みどりの日	土
2019-05-05	こどもの日	日
2019-05-06	休日	月
2019-07-15	海の日	月
2019-08-11	山の日	日
2019-08-12	休日	月
2019-09-16	敬老の日	月
2019-09-23	秋分の日	月
2019-10-14	体育の日（スポーツの日）	月
2019-10-22	休日（祝日扱い）	火
2019-11-03	文化の日	日
2019-11-04	休日	月
2019-11-23	勤労感謝の日	土
2020-01-01	元日	水
2020-01-13	成人の日	月
2020-02-11	建国記念の日	火
2020-02-23	天皇誕生日	日
2020-02-24	休日	月
2020-03-20	春分の日	金
2020-04-29	昭和の日	水
2020-05-03	憲法記念日	日
2020-05-04	みどりの日	月
2020-05-05	こどもの日	火
2020-05-06	休日	水
2020-07-23	海の日	木
2020-07-24	スポーツの日	金
2020-08-10	山の日	月
2020-09-21	敬老の日	月
2020-09-22	秋分の日	火
2020-11-03	文化の日	火
2020-11-23	勤労感謝の日	月
2021-01-01	元日	金
2021-01-11	成人の日	月
2021-02-11	建国記念の日	木
2021-02-23	天皇誕生日	火
2021-03-20	春分の日	土
2021-04-29	昭和の日	木
2021-05-03	憲法記念日	月
2021-05-04	みどりの日	火
2021-05-05	こどもの日	水
2021-07-22	海の日	木
2021-07-23	スポーツの日	金
2021-08-08	山の日	日
2021-08-09	休日	月
2021-09-20	敬老の日	月
2021-09-23	秋分の日	木
2021-11-03	文化の日	水
2021-11-23	勤労感謝の日	火
2022-01-01	元日	土
2022-01-10	成人の日	月
2022-02-11	建国記念の日	金
2022-02-23	天皇誕生日	水
2022-03-21	春分の日	月
2022-04-29	昭和の日	金
2022-05-03	憲法記念日	火
2022-05-04	みどりの日	水
2022-05-05	こどもの日	木
2022-07-18	海の日	月
2022-08-11	山の日	木
2022-09-19	敬老の日	月
2022-09-23	秋分の日	金
2022-10-10	スポーツの日	月
2022-11-03	文化の日	木
2022-11-23	勤労感謝の日	水
2023-01-01	元日	日
2023-01-02	休日	月
2023-01-09	成人の日	月
2023-02-11	建国記念の日	土
2023-02-23	天皇誕生日	木
2023-03-21	春分の日	火
2023-04-29	昭和の日	土
2023-05-03	憲法記念日	水
2023-05-04	みどりの日	木
2023-05-05	こどもの日	金
2023-07-17	海の日	月
2023-08-11	山の日	金
2023-09-18	敬老の日	月
2023-09-23	秋分の日	土
2023-10-09	スポーツの日	月
2023-11-03	文化の日	金
2023-11-23	勤労感謝の日	木
2024-01-01	元日	月
2024-01-08	成人の日	月
2024-02-11	建国記念の日	日
2024-02-12	休日	月
2024-02-23	天皇誕生日	金
2024-03-20	春分の日	水
2024-04-29	昭和の日	月
2024-05-03	憲法記念日	金
2024-05-04	みどりの日	土
2024-05-05	こどもの日	日
2024-05-06	休日	月
2024-07-15	海の日	月
2024-08-11	山の日	日
2024-08-12	休日	月
2024-09-16	敬老の日	月
2024-09-22	秋分の日	日
2024-09-23	休日	月
2024-10-14	スポーツの日	月
2024-11-03	文化の日	日
2024-11-04	休日	月
2024-11-23	勤労感謝の日	土
2025-01-01	元日	水
2025-01-13	成人の日	月
2025-02-11	建国記念の日	火
2025-02-23	天皇誕生日	日
2025-02-24	休日	月
2025-03-20	春分の日	木
2025-04-29	昭和の日	火
2025-05-03	憲法記念日	土
2025-05-04	みどりの日	日
2025-05-05	こどもの日	月
2025-05-06	休日	火
2025-07-21	海の日	月
2025-08-11	山の日	月
2025-09-15	敬老の日	月
2025-09-23	秋分の日	火
2025-10-13	スポーツの日	月
2025-11-03	文化の日	月
2025-11-23	勤労感謝の日	日
2025-11-24	休日	月
2026-01-01	元日	木
2026-01-12	成人の日	月
2026-02-11	建国記念の日	水
2026-02-23	天皇誕生日	月
2026-03-20	春分の日	金
2026-04-29	昭和の日	水
2026-05-03	憲法記念日	日
2026-05-04	みどりの日	月
2026-05-05	こどもの日	火
2026-05-06	休日	水
2026-07-20	海の日	月
2026-08-11	山の日	火
2026-09-21	敬老の日	月
2026-09-22	休日	火
2026-09-23	秋分の日	水
2026-10-12	スポーツの日	月
2026-11-03	文化の日	火
2026-11-23	勤労感謝の日	月
2027-01-01	元日	金
2027-01-11	成人の日	月
2027-02-11	建国記念の日	木
2027-02-23	天皇誕生日	火
2027-03-21	春分の日	日
2027-03-22	休日	月
2027-04-29	昭和の日	木
2027-05-03	憲法記念日	月
2027-05-04	みどりの日	火
2027-05-05	こどもの日	水
2027-07-19	海の日	月
2027-08-11	山の日	水
2027-09-20	敬老の日	月
2027-09-23	秋分の日	木
2027-10-11	スポーツの日	月
2027-11-03	文化の日	水
2027-11-23	勤労感謝の日	火
