“ú•t,–¼Ì,—j“ú
2024-01-01,Œ³“ú,ŒŽ
2024-01-08,¬l‚Ì“ú,ŒŽ
2024-02-11,Œš‘‹L”O‚Ì“ú,“ú
2024-02-12,‹x“ú,ŒŽ
2024-02-23,“Vc’a¶“ú,‹à
2024-03-20,t•ª‚Ì“ú,…
2024-04-29,º˜a‚Ì“ú,ŒŽ
2024-05-03,Œ›–@‹L”O“ú,‹à
2024-05-04,‚Ý‚Ç‚è‚Ì“ú,“y
2024-05-05,‚±‚Ç‚à‚Ì“ú,“ú
2024-05-06,‹x“ú,ŒŽ
2024-07-15,ŠC‚Ì“ú,ŒŽ
2024-08-11,ŽR‚Ì“ú,“ú
2024-08-12,‹x“ú,ŒŽ
2024-09-16,Œh˜V‚Ì“ú,ŒŽ
2024-09-22,H•ª‚Ì“ú,“ú
2024-09-23,‹x“ú,ŒŽ
2024-10-14,ƒXƒ|[ƒc‚Ì“ú,ŒŽ
2024-11-03,•¶‰»‚Ì“ú,“ú
2024-11-04,‹x“ú,ŒŽ
2024-11-23,‹Î˜JŠ´ŽÓ‚Ì“ú,“y
